{
  "project_info": {
    "project_number": "544980882489",
    "project_id": "employeesystem-692ce",
    "storage_bucket": "employeesystem-692ce.firebasestorage.app"
  },
  "client": [
    {
      "client_info": {
        "mobilesdk_app_id": "1:544980882489:android:1dd74e13e7eb8a50a569e8",
        "android_client_info": {
          "package_name": "com.example.group_i"
        }
      },
      "oauth_client": [],
      "api_key": [
        {
          "current_key": "AIzaSyCRIHRwJH0VJZ-IsV8HrFXYaIRO1HRhkbI"
        }
      ],
      "services": {
        "appinvite_service": {
          "other_platform_oauth_client": []
        }
      }
    },
    {
      "client_info": {
        "mobilesdk_app_id": "1:544980882489:android:56f7233a448879aaa569e8",
        "android_client_info": {
          "package_name": "employeeverification.com"
        }
      },
      "oauth_client": [],
      "api_key": [
        {
          "current_key": "AIzaSyCRIHRwJH0VJZ-IsV8HrFXYaIRO1HRhkbI"
        }
      ],
      "services": {
        "appinvite_service": {
          "other_platform_oauth_client": []
        }
      }
    }
  ],
  "configuration_version": "1"
}